channel,0,1
0,0.9270682381734454,0.0729317618265546
1,0.9318596913842296,0.0681403086157704
2,0.9399318447688317,0.060068155231168305
3,0.9437792581922938,0.05622074180770616
4,0.867231638418079,0.1327683615819209
5,0.9068046857254113,0.0931953142745887
6,0.9494451294697904,0.05055487053020962
7,0.9567365630272355,0.043263436972764524
8,0.9171214188267395,0.08287858117326058
9,0.9156499467382351,0.0843500532617649
10,0.9333333333333333,0.06666666666666667
