max_score,min_score,std
100,25,21.966154298678838
100,25,20.638306580057925
100,25,23.344244338135965
100,25,22.021939152129644
100,25,21.772637384879843
